Experiment ID,Action Start Time,Action End Time,Template Id,Action Name,Target Type,Target
EXPa2QPBsksDu1exXt,2024-05-27T15:59:12.096Z,,EXTnczrYYHNTBaek,memory-stress,node,node5
EXPm3VNa7vCD9zrmr2,2024-05-27T15:35:33.117Z,2024-05-27T15:40:02.374Z,EXTgKCx1sc8C4qn,memory-stress,pod,shipping-7b856bf556-hwhz7||shipping
EXPQNnb3HuHLEqEHNS,2024-05-27T15:03:31.601Z,2024-05-27T15:08:42.745Z,EXT33u1fchVud2aR6,network-latency,pod,user-db-5bfb568f5b-84v42||user-db
EXPi5KcpQmexynfSxA,2024-05-27T14:20:31Z,2024-05-27T14:22:55.743Z,EXTsERjQFrbkwqJ,packet-loss,pod,catalogue-d45f998bf-2vn99||catalogue
EXPTUCssJWKZyxteiW,2024-05-27T13:34:07.377Z,2024-05-27T13:39:08.242Z,EXTB2pHdrhpXiftNL,network-latency,node,node2
EXPpJ1FgCJ76X2zqKx,2024-05-27T12:12:07.447Z,2024-05-27T12:16:07.497Z,EXT2mSwfM8CXpaRN,cpu-stress,node,node3
EXPSnoPJLFpa1x1ThU,2024-05-27T11:02:27.592Z,2024-05-27T11:07:38.847Z,EXT33u1fchVud2aR6,network-latency,pod,queue-master-cc96b5649-tc5bd||queue-master
EXPWfacuedg2iLc52r,2024-05-27T10:57:05.379Z,2024-05-27T10:59:05.533Z,EXT3pkVmbtVoeukC,packet-loss,node,node3
EXPDJz1ksiZdD4e9Zk,2024-05-27T10:30:26.556Z,2024-05-27T10:32:52.096Z,EXTsERjQFrbkwqJ,packet-loss,pod,carts-db-844f99fb7d-vg5hb||carts-db
EXPi4X1XhwVuE8bvfL,2024-05-27T08:49:03.655Z,2024-05-27T08:53:04.251Z,EXT2mSwfM8CXpaRN,cpu-stress,node,node4
EXPmVbD4AuErPWN8GA,2024-05-27T08:27:02.878Z,2024-05-27T08:31:02.737Z,EXT2mSwfM8CXpaRN,cpu-stress,node,node1
EXPyfRa4GjnrgkMHNJ,2024-05-27T07:05:23.591Z,2024-05-27T07:09:52.612Z,EXT5BdSTt7r9sAUBi,CPU-stress,pod,queue-master-cc96b5649-tc5bd||queue-master
EXPq29MhPqkzYgtraW,2024-05-27T06:36:21.856Z,2024-05-27T06:38:47.080Z,EXTsERjQFrbkwqJ,packet-loss,pod,orders-db-759db68ccb-l54mm||orders-db
EXPSfRCZVoaDT2SyQv,2024-05-27T05:59:59.709Z,2024-05-27T06:04:59.711Z,EXTZLGsnaKkLVGVW,io-stress,node,node4
EXPzMKPYxpFdfhMsGv,2024-05-27T03:32:59.150Z,2024-05-27T03:37:59.845Z,EXTZLGsnaKkLVGVW,io-stress,node,node1
EXPNGgB9NrUTqiaK4N,2024-05-26T23:15:58.084Z,2024-05-26T23:20:59.254Z,EXTB2pHdrhpXiftNL,network-latency,node,node2
EXP9tMiQbATWrt84o4,2024-05-26T22:36:17.183Z,2024-05-26T22:40:45.806Z,EXTgKCx1sc8C4qn,memory-stress,pod,carts-db-844f99fb7d-vg5hb||carts-db
EXP4LhJ5LePvkyFw86,2024-05-26T22:34:17.417Z,2024-05-26T22:38:45.473Z,EXT5BdSTt7r9sAUBi,CPU-stress,pod,catalogue-db-d764d45d6-2kc52||catalogue-db
EXPjWyf3qr96kyQBsG,2024-05-26T22:02:16.938Z,2024-05-26T22:06:45.650Z,EXT5BdSTt7r9sAUBi,CPU-stress,pod,shipping-7b856bf556-hwhz7||shipping
EXPmGoHENCAdWb9LQa,2024-05-26T21:52:15.488Z,2024-05-26T21:56:43.994Z,EXTgKCx1sc8C4qn,memory-stress,pod,queue-master-cc96b5649-tc5bd||queue-master
EXPJxmWAXbpYFuPQqx,2024-05-26T21:00:53.990Z,2024-05-26T21:05:54.761Z,EXTB2pHdrhpXiftNL,network-latency,node,node4
EXP223uP6MxBbntexpA,2024-05-26T20:06:13.929Z,2024-05-26T20:10:42.501Z,EXT5BdSTt7r9sAUBi,CPU-stress,pod,user-745766f4f8-rw8gf||user
EXPnycAXSdHYcuDioL,2024-05-26T19:18:13.225Z,2024-05-26T19:23:43.857Z,EXT33u1fchVud2aR6,network-latency,pod,payment-67f94cc7b8-p6t8f||payment
EXPiT7qDWwjEcFT4Lz,2024-05-26T19:00:12.412Z,2024-05-26T19:02:37.201Z,EXTsERjQFrbkwqJ,packet-loss,pod,orders-779f959dc4-hldrx||orders
EXP6mMydnnPqxMo11t,2024-05-26T18:50:49.948Z,2024-05-26T18:55:50.177Z,EXTZLGsnaKkLVGVW,io-stress,node,node2
EXPpTogJnhvgHcP1KG,2024-05-26T18:42:49.320Z,2024-05-26T18:46:49.632Z,EXT2mSwfM8CXpaRN,cpu-stress,node,node4
EXPpnCtZZ4WHPcjCVY,2024-05-26T12:56:09.643Z,2024-05-26T12:58:34.697Z,EXTsERjQFrbkwqJ,packet-loss,pod,user-745766f4f8-rw8gf||user
EXPFyXHUs9zSwvfaxi,2024-05-26T11:22:08.705Z,2024-05-26T11:22:29.397Z,EXTiBq1RJdkf36x,delete-pod,pod,session-db-76d658cbf8-2vzxx||session-db
EXPufGwPXjgztU2Bmk,2024-05-26T10:56:46.246Z,2024-05-26T11:00:46.540Z,EXT2mSwfM8CXpaRN,cpu-stress,node,node2
EXPDmkg1X3DQFdcQRY,2024-05-26T08:49:45.236Z,2024-05-26T08:51:45.411Z,EXT3pkVmbtVoeukC,packet-loss,node,node1
EXPyXz7TF4Aew6ZWPc,2024-05-26T06:51:05.826Z,2024-05-26T06:55:35.159Z,EXTgKCx1sc8C4qn,memory-stress,pod,carts-666b98fdc4-pk6kp||carts
EXPzPhM7iQ5oNhTjuc,2024-05-26T03:58:43.533Z,2024-05-26T04:03:43.880Z,EXTB2pHdrhpXiftNL,network-latency,node,node3
EXPBi6n3DGaY9BQVaa,2024-05-26T02:56:03.928Z,2024-05-26T03:00:33.857Z,EXTgKCx1sc8C4qn,memory-stress,pod,queue-master-cc96b5649-tc5bd||queue-master
EXP5w8jeaecS9e9s3x,2024-05-26T01:27:02.994Z,2024-05-26T01:31:32.189Z,EXT5BdSTt7r9sAUBi,CPU-stress,pod,user-745766f4f8-rw8gf||user
EXP8oUMWHm4eJuKpzE,2024-05-26T01:03:40.479Z,2024-05-26T01:07:40.952Z,EXTnczrYYHNTBaek,memory-stress,node,node3
EXPyW65F5nvbCiyjXY,2024-05-25T23:51:40.087Z,2024-05-25T23:51:40.653Z,EXT29tXmuMjvHYmZS,node-reboot,node,node2
EXPvk4pPE1umuo2Rr2,2024-05-25T22:34:39.285Z,2024-05-25T22:34:39.917Z,EXT29tXmuMjvHYmZS,node-reboot,node,node5
EXPMNLRZzUDhWFBhpn,2024-05-25T21:53:58.574Z,2024-05-25T21:57:25.165Z,EXT33u1fchVud2aR6,network-latency,pod,user-745766f4f8-rw8gf||user
EXPQ9peJEvduxLHDKp,2024-05-25T21:56:37.174Z,2024-05-25T21:56:37.717Z,EXT29tXmuMjvHYmZS,node-reboot,node,node2
EXPLYGWeoDGXNZfEEn,2024-05-25T21:35:36.127Z,2024-05-25T21:39:36.995Z,EXT2mSwfM8CXpaRN,cpu-stress,node,node4
EXP59Sft8cLyQ9DWfL,2024-05-25T21:08:35.150Z,2024-05-25T21:10:35.402Z,EXT3pkVmbtVoeukC,packet-loss,node,node3
EXPQRh3bWG8QyxiYVx,2024-05-25T17:22:34.671Z,2024-05-25T17:22:35.206Z,EXT29tXmuMjvHYmZS,node-reboot,node,node5
EXPz1DPrNeaBpmTsx,2024-05-25T16:47:33.677Z,2024-05-25T16:47:34.267Z,EXT29tXmuMjvHYmZS,node-reboot,node,node3
EXPxVGeM3v2oviPCs4,2024-05-25T14:54:53.751Z,2024-05-25T14:59:22.710Z,EXTgKCx1sc8C4qn,memory-stress,pod,catalogue-db-d764d45d6-2kc52||catalogue-db
EXPueE2oArNLb9Tnot,2024-05-25T10:16:31.378Z,2024-05-25T10:18:31.445Z,EXT3pkVmbtVoeukC,packet-loss,node,node5
EXPXYpkso4n3pSQ3KY,2024-05-25T09:01:52.233Z,2024-05-25T09:04:17.077Z,EXTsERjQFrbkwqJ,packet-loss,pod,carts-666b98fdc4-pk6kp||carts
EXP3e5GLirCYkwLPZt,2024-05-25T08:54:29.440Z,2024-05-25T08:56:29.632Z,EXT3pkVmbtVoeukC,packet-loss,node,node3
EXPPkWtv9XEtwgRFJ2,2024-05-25T08:45:51.185Z,2024-05-25T08:51:22.621Z,EXT33u1fchVud2aR6,network-latency,pod,front-end-7899799bbd-v5wfb||front-end
EXPtD8wskmuuGmWGFL,2024-05-25T08:33:49.268Z,2024-05-25T08:36:15.229Z,EXTsERjQFrbkwqJ,packet-loss,pod,payment-67f94cc7b8-p6t8f||payment
EXPtSs86RQ2LqeCdS2,2024-05-25T08:09:47.497Z,2024-05-25T08:14:16.154Z,EXTgKCx1sc8C4qn,memory-stress,pod,user-745766f4f8-rw8gf||user
EXPWEkaLZUmVkgMLq8,2024-05-25T08:08:26.038Z,2024-05-25T08:12:26.475Z,EXTnczrYYHNTBaek,memory-stress,node,node1
EXPrVrAwXyjJqcJjcN,2024-05-25T05:58:24.883Z,2024-05-25T05:58:25.375Z,EXT29tXmuMjvHYmZS,node-reboot,node,node1
EXPp5LKZ5sMq2xzZRU,2024-05-25T05:26:24.102Z,2024-05-25T05:28:24.474Z,EXT3pkVmbtVoeukC,packet-loss,node,node3
EXPMugNUFGY8vJfpTc,2024-05-25T01:59:22.802Z,2024-05-25T02:04:22.465Z,EXTB2pHdrhpXiftNL,network-latency,node,node2
EXPLAiKYvT1kGu9WUr,2024-05-24T21:32:42.949Z,2024-05-24T21:35:08.040Z,EXTsERjQFrbkwqJ,packet-loss,pod,user-db-5bfb568f5b-84v42||user-db
EXP2Mx9b1ZBkx6cM6i,2024-05-24T20:06:42.080Z,2024-05-24T20:11:52.947Z,EXT33u1fchVud2aR6,network-latency,pod,queue-master-cc96b5649-tc5bd||queue-master
EXPA1R3hevhvdQgF4N,2024-05-24T19:30:18.710Z,2024-05-24T19:34:18.517Z,EXTnczrYYHNTBaek,memory-stress,node,node2
EXP5fqefPShu21qg7C,2024-05-24T18:29:17.074Z,2024-05-24T18:31:19.589Z,EXT3pkVmbtVoeukC,packet-loss,node,node2
EXPJqpJ8hoSziPrdei,2024-05-24T18:09:16.420Z,2024-05-24T18:14:17.044Z,EXTB2pHdrhpXiftNL,network-latency,node,node2
EXPESFGW5ZDEmJAVNS,2024-05-24T18:05:15.526Z,2024-05-24T18:09:16.160Z,EXTnczrYYHNTBaek,memory-stress,node,node1
EXPKA5AwKFzfV165KQ,2024-05-24T16:30:14.434Z,2024-05-24T16:30:15.024Z,EXT29tXmuMjvHYmZS,node-reboot,node,node2
EXPyx5ZcJ8PpcTovmg,2024-05-24T16:24:34.352Z,2024-05-24T16:29:03.165Z,EXTgKCx1sc8C4qn,memory-stress,pod,queue-master-cc96b5649-tc5bd||queue-master
EXPCvU9Mvp9MNBsNxA,2024-05-24T16:12:11.998Z,2024-05-24T16:16:12.983Z,EXTnczrYYHNTBaek,memory-stress,node,node1
EXPrp3VtWFZKFBXMH4,2024-05-24T14:57:33.499Z,2024-05-24T14:59:58.557Z,EXTsERjQFrbkwqJ,packet-loss,pod,catalogue-db-d764d45d6-2kc52||catalogue-db
EXPWfi5m1oAFgxKfmL,2024-05-24T13:33:11.277Z,2024-05-24T13:37:11.618Z,EXT2mSwfM8CXpaRN,cpu-stress,node,node4
EXPForS8ZPZofgFBjx,2024-05-24T09:15:09.645Z,2024-05-24T09:20:09.695Z,EXTZLGsnaKkLVGVW,io-stress,node,node1
EXPt3LBuQ4EgHqjWzv,2024-05-24T08:39:30.891Z,2024-05-24T08:43:59.563Z,EXT5BdSTt7r9sAUBi,CPU-stress,pod,carts-666b98fdc4-pk6kp||carts
EXPexAxyxYcVqg3Jwc,2024-05-24T07:23:08.782Z,2024-05-24T07:28:08.976Z,EXTB2pHdrhpXiftNL,network-latency,node,node2
EXPBgawacyefbU4K5k,2024-05-24T07:07:28.770Z,2024-05-24T07:12:40.070Z,EXT33u1fchVud2aR6,network-latency,pod,queue-master-cc96b5649-tc5bd||queue-master
EXPwELMFxJLZKATfFY,2024-05-24T06:49:27.579Z,2024-05-24T06:53:56.691Z,EXTgKCx1sc8C4qn,memory-stress,pod,rabbitmq-5c6f77d9dd-bxvx5||rabbitmq
EXPgDTpd6LZWY4C7f8,2024-05-24T03:46:05.612Z,2024-05-24T03:48:05.569Z,EXT3pkVmbtVoeukC,packet-loss,node,node2
EXPk4mS4eSNnkFfpqQ,2024-05-24T02:41:04.190Z,2024-05-24T02:46:04.719Z,EXTZLGsnaKkLVGVW,io-stress,node,node2
EXPv534xcdNdz51aEE,2024-05-24T01:55:23.729Z,2024-05-24T01:59:31.234Z,EXT5BdSTt7r9sAUBi,CPU-stress,pod,payment-67f94cc7b8-p6t8f||payment
EXP9ejGcztJusXBaAe,2024-05-24T00:01:23.445Z,2024-05-24T00:05:52.299Z,EXT5BdSTt7r9sAUBi,CPU-stress,pod,queue-master-cc96b5649-tc5bd||queue-master
EXPcLb5eL62SofoLKt,2024-05-23T22:38:23.142Z,2024-05-23T22:43:53.463Z,EXTbTLa7B6pDaQ6U,io-stress,pod,session-db-76d658cbf8-2vzxx||session-db
EXPE8ieKZ9f3Tmo5fg,2024-05-23T21:53:22.534Z,2024-05-23T21:57:51.512Z,EXTgKCx1sc8C4qn,memory-stress,pod,session-db-76d658cbf8-2vzxx||session-db
EXPQj1ucMN62f1rbzi,2024-05-23T21:06:00.457Z,2024-05-23T21:11:01.223Z,EXTZLGsnaKkLVGVW,io-stress,node,node1
EXPscw4vj2gtFGnCeW,2024-05-23T20:16:20.462Z,2024-05-23T20:21:30.861Z,EXTbTLa7B6pDaQ6U,io-stress,pod,catalogue-d45f998bf-2vn99||catalogue
EXP9PzYBLyKYKVNFJi,2024-05-23T19:27:17.600Z,2024-05-23T19:31:46.825Z,EXT5BdSTt7r9sAUBi,CPU-stress,pod,orders-db-759db68ccb-l54mm||orders-db
EXP5gRTaJNu4JZdCR8,2024-05-23T19:29:56.896Z,2024-05-23T19:30:17.819Z,EXT2mSwfM8CXpaRN,cpu-stress,node,node2
EXP248u97HdJwvTwWSN,2024-05-23T14:18:56.850Z,2024-05-23T14:18:57.415Z,EXT29tXmuMjvHYmZS,node-reboot,node,node2
EXPH7NNzS8GDC3Xsu4,2024-05-23T14:11:17.048Z,2024-05-23T14:15:26.586Z,EXT5BdSTt7r9sAUBi,CPU-stress,pod,shipping-7b856bf556-hwhz7||shipping
EXPXutq9v3mH3tw9EJ,2024-05-23T13:49:16.280Z,2024-05-23T13:53:46.158Z,EXT5BdSTt7r9sAUBi,CPU-stress,pod,shipping-7b856bf556-hwhz7||shipping
EXP21d52umpYeZJmbGe,2024-05-23T13:38:53.936Z,2024-05-23T13:43:53.787Z,EXTB2pHdrhpXiftNL,network-latency,node,node2
EXPaHbSCjZQMyVwmEr,2024-05-23T12:37:52.729Z,2024-05-23T12:41:53.173Z,EXTnczrYYHNTBaek,memory-stress,node,node4
EXPfjU9mMCqXD8Dm7g,2024-05-23T11:32:13.355Z,2024-05-23T11:37:44.381Z,EXT33u1fchVud2aR6,network-latency,pod,user-745766f4f8-rw8gf||user
EXP1A2zq6ZzNurWT7g,2024-05-23T10:09:51.061Z,2024-05-23T10:14:52.022Z,EXTB2pHdrhpXiftNL,network-latency,node,node2
EXPZzrP49yP3E4M48J,2024-05-23T09:45:48.219Z,2024-05-23T09:50:49.202Z,EXTZLGsnaKkLVGVW,io-stress,node,node4
EXPp7W1hQjvPo3Baug,2024-05-23T09:35:09.005Z,2024-05-23T09:37:33.984Z,EXTsERjQFrbkwqJ,packet-loss,pod,shipping-7b856bf556-hwhz7||shipping
EXPYZeoBmX6wnpipz6,2024-05-23T09:18:47.679Z,2024-05-23T09:22:47.419Z,EXTnczrYYHNTBaek,memory-stress,node,node1
EXPcPbReVvjbRMYjC6,2024-05-23T09:07:45.754Z,2024-05-23T09:12:45.682Z,EXTZLGsnaKkLVGVW,io-stress,node,node3
EXPHgSF37MSkqYhV8E,2024-05-23T08:29:07.305Z,2024-05-23T08:29:28.027Z,EXTiBq1RJdkf36x,delete-pod,pod,catalogue-d45f998bf-qsg8r||catalogue
EXPZuJerwxz5Zjaste,2024-05-23T07:19:06.654Z,2024-05-23T07:23:35.471Z,EXT5BdSTt7r9sAUBi,CPU-stress,pod,carts-db-844f99fb7d-vg5hb||carts-db
EXPv19PDh3x3kECfZ4,2024-05-23T06:50:05.064Z,2024-05-23T06:54:13.280Z,EXT5BdSTt7r9sAUBi,CPU-stress,pod,user-745766f4f8-rw8gf||user
EXPGcwiuSYPAnTs5H4,2024-05-23T05:40:03.742Z,2024-05-23T05:44:33.565Z,EXTgKCx1sc8C4qn,memory-stress,pod,user-db-5bfb568f5b-84v42||user-db
EXPQPh1HpcfLUNLeki,2024-05-23T05:29:41.125Z,2024-05-23T05:34:42.272Z,EXTB2pHdrhpXiftNL,network-latency,node,node4
EXPhXu9T5RCP7LVmea,2024-05-23T04:06:40.820Z,2024-05-23T04:11:41.135Z,EXTZLGsnaKkLVGVW,io-stress,node,node1
EXPfiDTBZMwPksjRjG,2024-05-23T02:28:40.721Z,2024-05-23T02:33:41.050Z,EXTB2pHdrhpXiftNL,network-latency,node,node1
EXPQhepHBb7DJ3pive,2024-05-22T23:57:39.029Z,2024-05-23T00:02:39.927Z,EXTZLGsnaKkLVGVW,io-stress,node,node2
EXPWrpidqT2h9suSWn,2024-05-22T22:59:58.007Z,2024-05-22T23:00:18.770Z,EXTiBq1RJdkf36x,delete-pod,pod,user-745766f4f8-mk8lc||user
EXPJEvuH4bP3xcYgCa,2024-05-22T21:29:36.070Z,2024-05-22T21:34:37.147Z,EXTZLGsnaKkLVGVW,io-stress,node,node4
EXPpzxum9nFnx3snr6,2024-05-22T21:13:57.701Z,2024-05-22T21:14:18.467Z,EXTiBq1RJdkf36x,delete-pod,pod,rabbitmq-5c6f77d9dd-2d794||rabbitmq
EXPkWNJRuPLDt8sF2r,2024-05-22T20:46:56.669Z,2024-05-22T20:51:05.955Z,EXT5BdSTt7r9sAUBi,CPU-stress,pod,payment-67f94cc7b8-p6t8f||payment
EXPEPnBQETJSoVocan,2024-05-22T20:09:33.925Z,2024-05-22T20:13:33.988Z,EXT2mSwfM8CXpaRN,cpu-stress,node,node3
EXPkpzf2ZUAEdv6Pt6,2024-05-22T18:26:33.756Z,2024-05-22T18:30:34.326Z,EXTnczrYYHNTBaek,memory-stress,node,node1
EXPccroKbZnjE9GchG,2024-05-22T17:55:31.199Z,2024-05-22T17:59:32.088Z,EXT2mSwfM8CXpaRN,cpu-stress,node,node5
EXPCwdFA6EMtK3BzUr,2024-05-22T16:37:30.314Z,2024-05-22T16:37:30.873Z,EXT29tXmuMjvHYmZS,node-reboot,node,node3
EXPBgMfBspJeJsQRaJ,2024-05-22T16:30:51.082Z,2024-05-22T16:31:11.860Z,EXTiBq1RJdkf36x,delete-pod,pod,session-db-76d658cbf8-5c62q||session-db
EXPRte63LKvWySjxG2,2024-05-22T15:38:30.646Z,2024-05-22T15:38:31.305Z,EXT29tXmuMjvHYmZS,node-reboot,node,node4
EXPU6rEcX8cnJoB5MU,2024-05-22T13:28:50.032Z,2024-05-22T13:33:19.210Z,EXTgKCx1sc8C4qn,memory-stress,pod,user-745766f4f8-mk8lc||user
EXPgDhPtiRHMfr4fsG,2024-05-22T13:14:26.686Z,2024-05-22T13:19:26.485Z,EXTZLGsnaKkLVGVW,io-stress,node,node5
EXPJpmk2D8mxdXpDNS,2024-05-22T13:16:27.741Z,2024-05-22T13:16:28.459Z,EXT29tXmuMjvHYmZS,node-reboot,node,node3
EXPti16w2XD7kjBraN,2024-05-22T13:03:25.730Z,2024-05-22T13:03:26.275Z,EXT29tXmuMjvHYmZS,node-reboot,node,node5
EXPQQz3CurpYi9waM8,2024-05-22T11:42:24.973Z,2024-05-22T11:44:25.420Z,EXT3pkVmbtVoeukC,packet-loss,node,node1
EXP5iLRoLEpEtZVaA,2024-05-22T10:47:45.768Z,2024-05-22T10:50:10.771Z,EXTsERjQFrbkwqJ,packet-loss,pod,carts-db-844f99fb7d-vg5hb||carts-db
EXPAycgwLxys6M3qPQ,2024-05-22T10:28:23.383Z,2024-05-22T10:28:24.035Z,EXT29tXmuMjvHYmZS,node-reboot,node,node1
EXP8nPgUxPsJSFaFU6,2024-05-22T06:35:43.185Z,2024-05-22T06:38:08.104Z,EXTsERjQFrbkwqJ,packet-loss,pod,user-db-5bfb568f5b-84v42||user-db
EXPzPwoURMGujB1ABU,2024-05-22T05:47:20.239Z,2024-05-22T05:49:21.191Z,EXT3pkVmbtVoeukC,packet-loss,node,node4
EXPoDXdjdMruUggsEa,2024-05-22T03:30:20.492Z,2024-05-22T03:35:20.651Z,EXTB2pHdrhpXiftNL,network-latency,node,node4
EXPpkhhw841jyGyFyk,2024-05-22T02:06:39.989Z,2024-05-22T02:09:04.841Z,EXTsERjQFrbkwqJ,packet-loss,pod,queue-master-cc96b5649-tc5bd||queue-master
EXPgX24xbXYtfrdpCz,2024-05-22T00:57:38.999Z,2024-05-22T01:02:08.173Z,EXT5BdSTt7r9sAUBi,CPU-stress,pod,carts-666b98fdc4-pk6kp||carts
EXPgExvJXKZbG6i2nN,2024-05-22T00:08:36.759Z,2024-05-22T00:08:57.567Z,EXTiBq1RJdkf36x,delete-pod,pod,orders-779f959dc4-mncds||orders
EXPev2gE4QuYkw74xr,2024-05-21T21:57:36.792Z,2024-05-21T22:02:06.028Z,EXTgKCx1sc8C4qn,memory-stress,pod,carts-666b98fdc4-pk6kp||carts
EXPdbqn1LHsw41Ubf8,2024-05-21T20:43:35.306Z,2024-05-21T20:46:00.272Z,EXTsERjQFrbkwqJ,packet-loss,pod,catalogue-db-d764d45d6-2kc52||catalogue-db
EXP6bA89U8P1w4iyWz,2024-05-21T19:51:34.442Z,2024-05-21T19:53:59.010Z,EXTsERjQFrbkwqJ,packet-loss,pod,carts-db-844f99fb7d-vg5hb||carts-db
EXPFnTDKWDUnWbnrzn,2024-05-21T19:43:12.615Z,2024-05-21T19:47:12.975Z,EXT2mSwfM8CXpaRN,cpu-stress,node,node3
EXPrVtH1dcYaUwXWre,2024-05-21T19:12:10.330Z,2024-05-21T19:17:11.078Z,EXTZLGsnaKkLVGVW,io-stress,node,node4
EXPRaXZDRG1we327ht,2024-05-21T19:05:09.444Z,2024-05-21T19:10:09.553Z,EXTZLGsnaKkLVGVW,io-stress,node,node5
EXP2415b4hhvN5WfrKC,2024-05-21T18:50:30.111Z,2024-05-21T18:54:59.075Z,EXTgKCx1sc8C4qn,memory-stress,pod,catalogue-d45f998bf-v8x9v||catalogue
EXP7FbEViz7Q4J4an6,2024-05-21T18:33:07.954Z,2024-05-21T18:33:08.591Z,EXT29tXmuMjvHYmZS,node-reboot,node,node5
EXPVkikJPMTju2hZYn,2024-05-21T18:25:07.085Z,2024-05-21T18:29:08.040Z,EXTnczrYYHNTBaek,memory-stress,node,node1
EXPwvMRyctPqhAhM2i,2024-05-21T18:13:05.664Z,2024-05-21T18:17:06.347Z,EXTnczrYYHNTBaek,memory-stress,node,node5
EXPkpbcLy8ZQ8bfHCN,2024-05-21T18:00:04.877Z,2024-05-21T18:04:04.825Z,EXT2mSwfM8CXpaRN,cpu-stress,node,node5
EXPrK3Ns7XayfZzPWr,2024-05-21T17:54:03.520Z,2024-05-21T17:59:04.465Z,EXTB2pHdrhpXiftNL,network-latency,node,node4
EXPNJVL3VhtpekTHWJ,2024-05-21T17:25:25.096Z,2024-05-21T17:29:33.319Z,EXTgKCx1sc8C4qn,memory-stress,pod,orders-779f959dc4-mncds||orders
EXPwUvxnK5mPsmyWfL,2024-05-21T15:53:01.547Z,2024-05-21T15:57:01.660Z,EXTnczrYYHNTBaek,memory-stress,node,node1
EXPTdwejofmurvFU5p,2024-05-21T15:24:23.360Z,2024-05-21T15:29:34.663Z,EXT33u1fchVud2aR6,network-latency,pod,payment-67f94cc7b8-p6t8f||payment
EXPUJcEDrtM5fJud9t,2024-05-21T14:12:00.708Z,2024-05-21T14:17:01.189Z,EXTB2pHdrhpXiftNL,network-latency,node,node3
EXPL6JJiWNxSF5q338,2024-05-21T13:35:59.932Z,2024-05-21T13:40:00.412Z,EXTnczrYYHNTBaek,memory-stress,node,node4
EXPFn5JZXKPFRx92fL,2024-05-21T13:09:19.405Z,2024-05-21T13:13:49.111Z,EXT5BdSTt7r9sAUBi,CPU-stress,pod,front-end-7899799bbd-v5wfb||front-end
EXPH6M1qn8KkzuSseJ,2024-05-21T13:06:19.221Z,2024-05-21T13:11:50.747Z,EXTbTLa7B6pDaQ6U,io-stress,pod,session-db-76d658cbf8-5c62q||session-db
EXPAYxJKPAsi3uwQjL,2024-05-21T12:25:56.384Z,2024-05-21T12:30:57.300Z,EXTB2pHdrhpXiftNL,network-latency,node,node3
EXP5wb2kSCp9XuaYcJ,2024-05-21T12:29:17.638Z,2024-05-21T12:29:38.380Z,EXTiBq1RJdkf36x,delete-pod,pod,catalogue-db-d764d45d6-5qt7b||catalogue-db
EXP23ycaE3wPAX3ePP8,2024-05-21T10:31:54.976Z,2024-05-21T10:35:55.163Z,EXTnczrYYHNTBaek,memory-stress,node,node1
EXP3czDqeHZgSgNRei,2024-05-21T09:53:53.318Z,2024-05-21T09:55:53.607Z,EXT3pkVmbtVoeukC,packet-loss,node,node4
EXP3nJsurKVUVub5tN,2024-05-21T07:01:53.524Z,2024-05-21T07:03:53.665Z,EXT3pkVmbtVoeukC,packet-loss,node,node3
EXPQ8K5QRNwye6AZMc,2024-05-21T06:06:52.716Z,2024-05-21T06:11:52.982Z,EXTZLGsnaKkLVGVW,io-stress,node,node4
EXPyV8dZDsdhVg6b3G,2024-05-21T05:59:51.142Z,2024-05-21T05:59:51.719Z,EXT29tXmuMjvHYmZS,node-reboot,node,node1
EXP5v5xqvo8DNQG5A2,2024-05-21T04:37:11.947Z,2024-05-21T04:39:36.504Z,EXTsERjQFrbkwqJ,packet-loss,pod,session-db-76d658cbf8-5c62q||session-db
EXPweqUjWt9B94qigz,2024-05-21T04:09:49.508Z,2024-05-21T04:09:50.042Z,EXT29tXmuMjvHYmZS,node-reboot,node,node1
EXPUvVSVWED7feo6CJ,2024-05-21T03:56:48.582Z,2024-05-21T03:56:49.146Z,EXT29tXmuMjvHYmZS,node-reboot,node,node4
EXPNk2gGM79ZytWH1C,2024-05-21T01:42:47.811Z,2024-05-21T01:46:48.272Z,EXT2mSwfM8CXpaRN,cpu-stress,node,node2
EXP91QU2QyDFzePrYz,2024-05-21T00:47:45.233Z,2024-05-21T00:51:45.612Z,EXTnczrYYHNTBaek,memory-stress,node,node4
EXPxycxgnvd2U1bDSz,2024-05-20T22:22:07.172Z,2024-05-20T22:26:15.887Z,EXT5BdSTt7r9sAUBi,CPU-stress,pod,user-745766f4f8-mk8lc||user
EXPm5P7uvFa1dsrwH4,2024-05-20T20:50:06.016Z,2024-05-20T20:50:26.771Z,EXTiBq1RJdkf36x,delete-pod,pod,user-745766f4f8-2g8kd||user
EXPnKVx494TxtTk9T8,2024-05-20T20:35:05.302Z,2024-05-20T20:39:34.788Z,EXTgKCx1sc8C4qn,memory-stress,pod,payment-67f94cc7b8-p6t8f||payment
EXPR3mktAnhtLGzYPt,2024-05-20T17:30:03.187Z,2024-05-20T17:32:27.931Z,EXTsERjQFrbkwqJ,packet-loss,pod,queue-master-cc96b5649-tc5bd||queue-master
EXPHDC5vaZmwkTsHuk,2024-05-20T16:15:40.743Z,2024-05-20T16:15:41.300Z,EXT29tXmuMjvHYmZS,node-reboot,node,node4
EXP25pSd2n58i5ENCr6,2024-05-20T16:04:01.169Z,2024-05-20T16:04:21.898Z,EXTiBq1RJdkf36x,delete-pod,pod,user-db-5bfb568f5b-g6nxs||user-db
